Tanggal,Perusahaan,Harga Saham,Volume Perdagangan,Keuntungan
2024-01-01,Indomaret,7035,12201,4291701.75
2024-01-02,Indomaret,35246,15399,27137657.700000003
2024-01-03,Gudang Garam,36039,6081,10957657.950000001
2024-01-04,PIK,42427,7990,16949586.5
2024-01-05,Indofood,21769,7231,7870581.95
2024-01-06,Indofood,19652,10660,10474516.0
2024-01-07,Indofood,41850,12702,26578935.0
2024-01-08,Alfamart,4165,4447,926087.75
2024-01-09,Indomaret,44131,15618,34461897.9
2024-01-10,PIK,2562,18530,2373693.0
2024-01-11,Indomaret,9191,4222,1940220.1
2024-01-12,Indomaret,18043,14311,12910668.65
2024-01-13,Alfamart,23136,5087,5884641.600000001
2024-01-14,Mayora,49217,778,1914541.3
2024-01-15,Indomaret,35090,4954,8691793.0
2024-01-16,Indofood,13962,15123,10557366.3
2024-01-17,Alfamart,39903,4379,8736761.85
2024-01-18,Gudang Garam,44082,15839,34910739.9
2024-01-19,Alfamart,49134,16139,39648681.300000004
2024-01-20,Indomaret,11903,799,475524.85000000003
2024-01-21,Alfamart,30995,3225,4997943.75
2024-01-22,Indomaret,13476,2091,1408915.8
2024-01-23,PIK,34160,1027,1754116.0
2024-01-24,PIK,39273,6117,12011647.05
2024-01-25,Indofood,45091,11114,25057068.700000003
2024-01-26,Gudang Garam,23310,9687,11290198.5
2024-01-27,PIK,38424,245,470694.0
2024-01-28,Matahari,17007,2480,2108868.0
2024-01-29,Indomaret,44912,11456,25725593.6
2024-01-30,Indofood,26595,155,206111.25
2024-01-31,Matahari,12716,16061,10211583.8
2024-02-01,Indofood,42038,9319,19587606.1
2024-02-02,Alfamart,15281,614,469126.7
2024-02-03,Indomaret,4875,742,180862.5
2024-02-04,PIK,34721,15939,27670900.950000003
2024-02-05,Mayora,21357,18931,20215468.35
2024-02-06,PIK,22326,19246,21484309.8
2024-02-07,Matahari,43570,8064,17567424.0
2024-02-08,Indomaret,39919,1664,3321260.8000000003
2024-02-09,PIK,2580,16589,2139981.0
2024-02-10,Indomaret,3230,4092,660858.0
2024-02-11,Mayora,39973,6317,12625472.05
2024-02-12,Gudang Garam,29452,9918,14605246.8
2024-02-13,Gudang Garam,21279,13010,13841989.5
2024-02-14,PIK,17306,8307,7188047.100000001
2024-02-15,Mayora,11914,10628,6331099.600000001
2024-02-16,Mayora,49550,18949,46946147.5
2024-02-17,Indofood,24375,13950,17001562.5
2024-02-18,Gudang Garam,16268,17166,13962824.4
2024-02-19,Alfamart,30677,4286,6574081.100000001
2024-02-20,PIK,45641,11652,26590446.6
2024-02-21,Indomaret,48297,6843,16524818.55
2024-02-22,Gudang Garam,11646,3152,1835409.6
2024-02-23,Indomaret,44093,15781,34791581.65
2024-02-24,Gudang Garam,28793,11039,15892296.350000001
2024-02-25,Indofood,21157,16743,17711582.55
2024-02-26,Mayora,22535,13193,14865212.75
2024-02-27,Matahari,37131,3679,6830247.45
2024-02-28,Alfamart,39042,13271,25906319.1
2024-02-29,Indomaret,41147,12928,26597420.8
2024-03-01,Indomaret,37890,10466,19827837.0
2024-03-02,Indomaret,29810,13935,20770117.5
2024-03-03,Gudang Garam,18595,11625,10808343.75
2024-03-04,Indomaret,5419,2308,625352.6
2024-03-05,Mayora,37258,16777,31253873.3
2024-03-06,Gudang Garam,31027,17949,27845181.150000002
2024-03-07,PIK,22573,19562,22078651.3
2024-03-08,Mayora,25284,17768,22462305.6
2024-03-09,Indomaret,33790,4356,7359462.0
2024-03-10,Matahari,20748,543,563308.2000000001
2024-03-11,Matahari,22916,16307,18684560.6
2024-03-12,Gudang Garam,38832,1307,2537671.2
2024-03-13,PIK,40232,14973,30119686.8
2024-03-14,Matahari,45656,16454,37561191.2
2024-03-15,Mayora,17582,1774,1559523.4000000001
2024-03-16,PIK,31564,16672,26311750.400000002
2024-03-17,PIK,35752,17404,31111390.400000002
2024-03-18,Matahari,41098,6876,14129492.4
2024-03-19,Matahari,27720,7874,10913364.0
2024-03-20,Alfamart,9305,6089,2832907.25
2024-03-21,Indofood,2811,3913,549972.15
2024-03-22,Gudang Garam,13297,4267,2836914.95
2024-03-23,PIK,8167,4828,1971513.8
2024-03-24,Indofood,12669,2432,1540550.4000000001
2024-03-25,Indomaret,4474,14825,3316352.5
2024-03-26,Indofood,46474,5146,11957760.200000001
2024-03-27,Matahari,31293,18452,28870921.8
2024-03-28,Gudang Garam,9707,14918,7240451.300000001
2024-03-29,Gudang Garam,4725,10054,2375257.5
2024-03-30,Indomaret,3447,8949,1542360.1500000001
2024-03-31,Alfamart,18870,2667,2516314.5
2024-04-01,Mayora,2619,6899,903424.05
2024-04-02,Gudang Garam,9345,5383,2515206.75
2024-04-03,Indomaret,13291,10494,6973787.7
2024-04-04,PIK,11452,15570,8915382.0
2024-04-05,PIK,29374,19601,28787988.700000003
2024-04-06,Indomaret,9148,18657,8533711.8
2024-04-07,Matahari,49044,16243,39831084.6
2024-04-08,PIK,43386,6303,13673097.9
2024-04-09,Mayora,19955,7990,7972022.5
2024-04-10,Indofood,4851,5999,1455057.4500000002
2024-04-11,Indofood,9913,2673,1324872.4500000002
2024-04-12,Matahari,28651,3630,5200156.5
2024-04-13,PIK,44970,1435,3226597.5
2024-04-14,PIK,25963,11011,14293929.65
2024-04-15,Gudang Garam,49548,3221,7979705.4
2024-04-16,Matahari,18791,8465,7953290.75
2024-04-17,Matahari,27060,8788,11890164.0
2024-04-18,Matahari,40963,18881,38671120.15
2024-04-19,Gudang Garam,37567,1544,2900172.4000000004
2024-04-20,Indomaret,12349,2791,1723302.9500000002
2024-04-21,Alfamart,26593,8516,11323299.4
2024-04-22,Indofood,34913,7863,13726045.950000001
2024-04-23,Mayora,7085,19944,7065162.0
2024-04-24,Matahari,31395,10750,16874812.5
2024-04-25,Gudang Garam,27181,5507,7484288.350000001
2024-04-26,Gudang Garam,44205,18887,41744991.75
2024-04-27,Gudang Garam,21382,11295,12075484.5
2024-04-28,Indomaret,35444,11546,20461821.200000003
2024-04-29,Alfamart,18750,762,714375.0
2024-04-30,Mayora,1399,18947,1325342.6500000001
2024-05-01,Alfamart,48505,6124,14852231.0
2024-05-02,PIK,20194,8670,8754099.0
2024-05-03,Mayora,35331,1753,3096762.1500000004
2024-05-04,Mayora,23286,2723,3170388.9000000004
2024-05-05,Matahari,26164,10398,13602663.600000001
2024-05-06,Indofood,7863,5979,2350643.85
2024-05-07,Mayora,2951,13397,1976727.35
2024-05-08,Mayora,30131,8306,12513404.3
2024-05-09,Gudang Garam,19992,13293,13287682.8
2024-05-10,Alfamart,5571,10576,2945944.8000000003
2024-05-11,Gudang Garam,33473,16625,27824431.25
2024-05-12,Gudang Garam,47009,18383,43208322.35
2024-05-13,Alfamart,43858,8947,19619876.3
2024-05-14,PIK,34813,7067,12301173.55
2024-05-15,Matahari,47374,1538,3643060.6
2024-05-16,Matahari,4433,13226,2931542.9000000004
2024-05-17,Matahari,26709,3705,4947842.25
2024-05-18,Indomaret,31327,18247,28581188.450000003
2024-05-19,Gudang Garam,20247,11436,11577234.600000001
2024-05-20,Indomaret,49430,258,637647.0
2024-05-21,Indofood,6092,9206,2804147.6
2024-05-22,Indomaret,4913,19779,4858711.350000001
2024-05-23,Matahari,43590,15147,33012886.5
2024-05-24,Indofood,13885,12167,8446939.75
2024-05-25,Alfamart,43875,10873,23852643.75
2024-05-26,Gudang Garam,39849,15334,30552228.3
2024-05-27,Matahari,32313,252,407143.80000000005
2024-05-28,Gudang Garam,15364,11580,8895756.0
2024-05-29,Matahari,13483,1939,1307176.85
2024-05-30,Mayora,10691,14924,7977624.2
2024-05-31,PIK,32915,18957,31198482.75
2024-06-01,Mayora,6899,16860,5815857.0
2024-06-02,PIK,16760,18489,15493782.0
2024-06-03,Alfamart,29386,15203,22337767.900000002
2024-06-04,Mayora,35911,3947,7087035.850000001
2024-06-05,Alfamart,7430,4275,1588162.5
2024-06-06,Indomaret,43882,3966,8701800.6
2024-06-07,Mayora,48832,7192,17559987.2
2024-06-08,Indofood,11201,10676,5979093.800000001
2024-06-09,Indomaret,15116,6319,4775900.2
2024-06-10,PIK,16598,895,742760.5
2024-06-11,Indomaret,28842,7003,10099026.3
2024-06-12,Alfamart,8578,12682,5439309.800000001
2024-06-13,Gudang Garam,2465,8512,1049104.0
2024-06-14,Gudang Garam,29443,14658,21578774.700000003
2024-06-15,Alfamart,3336,4982,830997.6000000001
2024-06-16,Alfamart,38851,17129,33273938.950000003
2024-06-17,Gudang Garam,34311,7776,13340116.8
2024-06-18,Indomaret,39901,6231,12431156.55
2024-06-19,Indomaret,14039,7320,5138274.0
2024-06-20,Mayora,14209,9321,6622104.45
2024-06-21,PIK,38441,12105,23266415.25
2024-06-22,Matahari,49213,8698,21402733.700000003
2024-06-23,PIK,45126,5767,13012082.100000001
2024-06-24,Alfamart,8370,5860,2452410.0
2024-06-25,Indofood,34022,12032,20467635.200000003
2024-06-26,Indofood,39596,15356,30401808.8
2024-06-27,PIK,42342,3466,7337868.600000001
2024-06-28,Alfamart,41371,5823,12045166.65
2024-06-29,Alfamart,25233,6180,7796997.0
2024-06-30,Gudang Garam,39040,9249,18054048.0
2024-07-01,Mayora,48075,14992,36037020.0
2024-07-02,Alfamart,21677,8284,8978613.4
2024-07-03,Matahari,36997,16764,31010885.400000002
2024-07-04,Indomaret,17532,10839,9501467.4
2024-07-05,Gudang Garam,21204,11002,11664320.4
2024-07-06,Alfamart,6236,15620,4870316.0
2024-07-07,Indofood,46971,7057,16573717.350000001
2024-07-08,Indofood,31292,12549,19634165.400000002
2024-07-09,Indomaret,45690,9394,21460593.0
2024-07-10,Mayora,49298,4250,10475825.0
2024-07-11,Indomaret,34609,18613,32208865.85
2024-07-12,Alfamart,2404,12007,1443241.4000000001
2024-07-13,Gudang Garam,33988,14018,23822189.200000003
2024-07-14,Gudang Garam,2502,1707,213545.7
2024-07-15,Mayora,13088,14666,9597430.4
2024-07-16,Gudang Garam,42370,13335,28250197.5
2024-07-17,Alfamart,48961,7060,17283233.0
2024-07-18,Gudang Garam,34346,16435,28223825.5
2024-07-19,PIK,8307,18907,7853022.45
2024-07-20,Mayora,1016,15145,769366.0
2024-07-21,Mayora,45000,364,819000.0
2024-07-22,Indomaret,4393,13570,2980650.5
2024-07-23,PIK,47906,8760,20982828.0
2024-07-24,Indofood,7528,18326,6897906.4
2024-07-25,Mayora,10843,18461,10008631.15
2024-07-26,Indofood,1401,18217,1276100.85
2024-07-27,Matahari,13723,13611,9339187.65
2024-07-28,Mayora,29329,15346,22504141.700000003
2024-07-29,Mayora,30260,16272,24619536.0
2024-07-30,Indomaret,36154,6224,11251124.8
2024-07-31,Indofood,15020,13978,10497478.0
2024-08-01,PIK,14569,16246,11834398.700000001
2024-08-02,Mayora,11453,17608,10083221.200000001
2024-08-03,Mayora,41730,14688,30646512.0
2024-08-04,Gudang Garam,15010,19230,14432115.0
2024-08-05,Gudang Garam,17702,12172,10773437.200000001
2024-08-06,Alfamart,12928,2514,1625049.6
2024-08-07,Gudang Garam,24146,14614,17643482.2
2024-08-08,Alfamart,4596,7681,1765093.8
2024-08-09,Alfamart,36332,1924,3495138.4000000004
2024-08-10,Matahari,19569,15944,15600406.8
2024-08-11,PIK,45885,18485,42409211.25
2024-08-12,Alfamart,30758,14166,21785891.400000002
2024-08-13,Mayora,11096,2718,1507946.4000000001
2024-08-14,PIK,15178,16426,12465691.4
2024-08-15,Gudang Garam,40997,19618,40213957.300000004
2024-08-16,Indomaret,5945,6061,1801632.25
2024-08-17,Alfamart,14154,15155,10725193.5
2024-08-18,Gudang Garam,43464,19350,42051420.0
2024-08-19,Indofood,13483,17807,12004589.05
2024-08-20,Indomaret,29024,3102,4501622.4
2024-08-21,PIK,2022,18356,1855791.6
2024-08-22,Indomaret,47024,15724,36970268.800000004
2024-08-23,Mayora,36959,3645,6735777.75
2024-08-24,Indofood,42151,1672,3523823.6
2024-08-25,Matahari,23972,173,207357.80000000002
2024-08-26,Alfamart,25989,5428,7053414.600000001
2024-08-27,Mayora,13066,10236,6687178.800000001
2024-08-28,Alfamart,25183,3826,4817507.9
2024-08-29,Mayora,34377,15261,26231369.85
2024-08-30,Alfamart,28730,19861,28530326.5
2024-08-31,Indofood,34112,7065,12050064.0
2024-09-01,PIK,47611,12366,29437881.3
2024-09-02,PIK,19159,5936,5686391.2
2024-09-03,Matahari,40196,18793,37770171.4
2024-09-04,Indomaret,24951,9612,11991450.600000001
2024-09-05,Indomaret,15498,9491,7354575.9
2024-09-06,PIK,43089,12184,26249818.8
2024-09-07,Indomaret,45687,11428,26105551.8
2024-09-08,Mayora,24905,2866,3568886.5
2024-09-09,Alfamart,25912,9092,11779595.200000001
2024-09-10,Gudang Garam,39627,19461,38559052.35
2024-09-11,Matahari,14673,10118,7423070.7
2024-09-12,Gudang Garam,35769,13497,24138709.650000002
2024-09-13,Mayora,43803,5412,11853091.8
2024-09-14,Alfamart,8547,2624,1121366.4000000001
2024-09-15,Indomaret,46491,5797,13475416.350000001
2024-09-16,Indofood,43352,667,1445789.2000000002
2024-09-17,Indomaret,33125,5642,9344562.5
2024-09-18,Gudang Garam,36787,9303,17111473.05
2024-09-19,Gudang Garam,8201,1634,670021.7000000001
2024-09-20,Indofood,30699,8258,12675617.100000001
2024-09-21,PIK,25433,8086,10282561.9
2024-09-22,Gudang Garam,8275,1710,707512.5
2024-09-23,PIK,19799,6035,5974348.25
2024-09-24,Gudang Garam,48303,8840,21349926.0
2024-09-25,Mayora,37085,6695,12414203.75
2024-09-26,Alfamart,2413,1433,172891.45
2024-09-27,Indomaret,48497,18699,45342270.150000006
2024-09-28,Matahari,2215,12144,1344948.0
2024-09-29,Indomaret,31650,17452,27617790.0
2024-09-30,Indofood,18461,1162,1072584.1
2024-10-01,PIK,2818,13020,1834518.0
2024-10-02,Gudang Garam,33758,15105,25495729.5
2024-10-03,Alfamart,23884,18588,22197789.6
2024-10-04,Indofood,34037,8275,14082808.75
2024-10-05,Alfamart,17378,1092,948838.8
2024-10-06,Gudang Garam,5744,13138,3773233.6
2024-10-07,Indofood,26160,2909,3804972.0
2024-10-08,Indofood,30554,18262,27898857.400000002
2024-10-09,Gudang Garam,9514,15946,7585512.2
2024-10-10,Alfamart,2176,15534,1690099.2000000002
2024-10-11,PIK,36528,8328,15210259.200000001
2024-10-12,Gudang Garam,35843,15475,27733521.25
2024-10-13,Indomaret,18039,14963,13495877.850000001
2024-10-14,Alfamart,48665,10261,24967578.25
2024-10-15,Mayora,44415,14536,32280822.0
2024-10-16,PIK,27401,16787,22999029.35
2024-10-17,Matahari,38950,13037,25389557.5
2024-10-18,Matahari,24710,6733,8318621.5
2024-10-19,Indomaret,9159,7168,3282585.6
2024-10-20,Alfamart,24492,18779,22996763.400000002
2024-10-21,Indomaret,39224,12741,24987649.200000003
2024-10-22,Alfamart,8622,137,59060.700000000004
2024-10-23,Indofood,38316,8550,16380090.0
2024-10-24,PIK,41954,5454,11440855.8
2024-10-25,Alfamart,2117,19308,2043751.8
2024-10-26,Matahari,42277,19740,41727399.0
2024-10-27,PIK,15326,8264,6332703.2
2024-10-28,Alfamart,6021,10360,3118878.0
2024-10-29,Matahari,13326,983,654972.9
2024-10-30,Alfamart,7372,2150,792490.0
2024-10-31,Alfamart,31020,6751,10470801.0
2024-11-01,Indomaret,37711,13590,25624624.5
2024-11-02,Matahari,16407,6269,5142774.15
2024-11-03,PIK,34963,7836,13698503.4
2024-11-04,Indofood,18001,5742,5168087.100000001
2024-11-05,Alfamart,11123,11819,6573136.850000001
2024-11-06,Matahari,37640,7162,13478884.0
2024-11-07,PIK,26619,7215,9602804.25
2024-11-08,PIK,18199,1719,1564204.05
2024-11-09,Alfamart,48136,4362,10498461.600000001
2024-11-10,Alfamart,36150,6168,11148660.0
2024-11-11,Indomaret,11766,9483,5578848.9
2024-11-12,Alfamart,42953,8335,17900662.75
2024-11-13,Indofood,39063,6052,11820463.8
2024-11-14,Mayora,36664,11886,21789415.200000003
2024-11-15,Indomaret,33283,14657,24391446.55
2024-11-16,Gudang Garam,45768,5041,11535824.4
2024-11-17,Matahari,37940,12183,23111151.0
2024-11-18,PIK,34985,9731,17021951.75
2024-11-19,Indomaret,28120,15975,22460850.0
2024-11-20,Indomaret,28956,5605,8114919.0
2024-11-21,Mayora,11029,11394,6283221.300000001
2024-11-22,Alfamart,45086,10038,22628663.400000002
2024-11-23,Gudang Garam,41135,3716,7642883.0
2024-11-24,Matahari,43603,18839,41071845.85
2024-11-25,Alfamart,22476,17629,19811470.2
2024-11-26,Gudang Garam,3637,17596,3199832.6
2024-11-27,PIK,32153,1680,2700852.0
2024-11-28,Alfamart,30822,4410,6796251.0
2024-11-29,Alfamart,23707,2955,3502709.25
2024-11-30,PIK,35636,12884,22956711.200000003
2024-12-01,PIK,33453,15575,26051523.75
2024-12-02,Gudang Garam,49783,13320,33155478.0
2024-12-03,Indomaret,40410,7642,15440661.0
2024-12-04,Mayora,37097,6719,12462737.15
2024-12-05,Alfamart,7185,3893,1398560.25
2024-12-06,PIK,16661,19393,16155338.65
2024-12-07,Mayora,5751,951,273460.05
2024-12-08,Mayora,31344,5182,8121230.4
2024-12-09,Gudang Garam,38893,14533,28261598.450000003
2024-12-10,Indomaret,43979,13677,30075039.150000002
2024-12-11,Alfamart,38751,3277,6349351.350000001
2024-12-12,Gudang Garam,10844,383,207662.6
2024-12-13,Gudang Garam,37760,9913,18715744.0
2024-12-14,Indomaret,20686,9346,9666567.8
2024-12-15,Alfamart,31426,5889,9253385.700000001
2024-12-16,Matahari,16968,10408,8830147.200000001
2024-12-17,Alfamart,30794,16027,24676771.900000002
2024-12-18,Indofood,44407,12473,27694425.55
2024-12-19,Mayora,35085,4661,8176559.25
2024-12-20,Indomaret,11596,19821,11492215.8
2024-12-21,Indofood,44140,15224,33599368.0
2024-12-22,Indofood,9691,8128,3938422.4000000004
2024-12-23,Indofood,22042,10058,11084921.8
2024-12-24,Matahari,9245,18754,8669036.5
2024-12-25,Indofood,32889,17762,29208720.900000002
2024-12-26,Indomaret,39630,11610,23005215.0
2024-12-27,Alfamart,27148,7609,10328456.600000001
2024-12-28,PIK,10886,14011,7626187.300000001
2024-12-29,Indomaret,19601,13536,13265956.8
2024-12-30,Gudang Garam,38720,4842,9374112.0
2024-12-31,Gudang Garam,5435,1478,401646.5
2025-01-01,Indofood,37464,4208,7882425.600000001
2025-01-02,Mayora,11078,1172,649170.8
2025-01-03,Mayora,4266,19893,4243176.9
2025-01-04,Gudang Garam,23023,8810,10141631.5
2025-01-05,Alfamart,30561,1613,2464744.65
2025-01-06,Gudang Garam,10938,11018,6025744.2
2025-01-07,Alfamart,5474,18013,4930158.100000001
2025-01-08,PIK,20592,18866,19424433.6
2025-01-09,Mayora,7900,17694,6989130.0
2025-01-10,Gudang Garam,5577,2122,591719.7000000001
2025-01-11,Matahari,44904,17545,39392034.0
2025-01-12,Indofood,33223,5791,9619719.65
2025-01-13,Matahari,26127,3753,4902731.55
2025-01-14,Alfamart,8495,1935,821891.25
2025-01-15,Indomaret,12302,14810,9109631.0
2025-01-16,Gudang Garam,38260,19531,37362803.0
2025-01-17,Matahari,20820,19425,20221425.0
2025-01-18,Indofood,47994,18462,44303261.400000006
2025-01-19,Matahari,49720,12293,30560398.0
2025-01-20,Gudang Garam,40711,18714,38093282.7
2025-01-21,Indomaret,14172,17303,12260905.8
2025-01-22,Indomaret,21979,19072,20959174.400000002
2025-01-23,Alfamart,47679,17404,41490265.800000004
2025-01-24,Alfamart,25368,15550,19723620.0
2025-01-25,Gudang Garam,6164,11270,3473414.0
2025-01-26,Gudang Garam,20214,9540,9642078.0
2025-01-27,Indomaret,22286,15252,16995303.6
2025-01-28,Indomaret,11584,7472,4327782.4
2025-01-29,Matahari,25002,9753,12192225.3
2025-01-30,Indofood,15168,10617,8051932.800000001
2025-01-31,Alfamart,6921,863,298641.15
2025-02-01,Alfamart,44438,14831,32952998.900000002
2025-02-02,Indomaret,30228,3099,4683828.600000001
2025-02-03,Alfamart,12336,5568,3434342.4000000004
2025-02-04,Matahari,38158,19523,37247931.7
2025-02-05,Indofood,18728,6121,5731704.4
2025-02-06,Matahari,7289,9299,3389020.5500000003
2025-02-07,Matahari,14160,15790,11179320.0
2025-02-08,Matahari,9027,9868,4453921.8
2025-02-09,Mayora,15326,7790,5969477.0
2025-02-10,Mayora,19942,9654,9626003.4
2025-02-11,Indofood,20618,4147,4275142.3
2025-02-12,Mayora,25792,7110,9169056.0
2025-02-13,PIK,32889,192,315734.4
2025-02-14,Gudang Garam,37107,15862,29429561.700000003
2025-02-15,Alfamart,19554,18254,17846935.8
2025-02-16,Alfamart,2498,1793,223945.7
2025-02-17,Mayora,12569,12116,7614300.2
2025-02-18,PIK,13967,2745,1916970.75
2025-02-19,Mayora,47344,11712,27724646.400000002
2025-02-20,Indomaret,39011,4995,9742997.25
2025-02-21,Alfamart,48392,13627,32971889.200000003
2025-02-22,Mayora,15046,6859,5160025.7
2025-02-23,Matahari,33049,7751,12808139.950000001
2025-02-24,Matahari,13729,11391,7819351.95
2025-02-25,Mayora,34822,10677,18589724.7
2025-02-26,Indomaret,16982,10528,8939324.8
2025-02-27,Indomaret,3262,19106,3116188.6
2025-02-28,Indomaret,20800,2799,2910960.0
2025-03-01,Alfamart,24873,12981,16143820.65
2025-03-02,Indomaret,48086,18885,45405205.5
2025-03-03,Matahari,2649,14602,1934034.9000000001
2025-03-04,Indomaret,34107,5565,9490272.75
2025-03-05,Alfamart,32595,11292,18403137.0
2025-03-06,Indomaret,7442,4609,1715008.9000000001
2025-03-07,Indofood,34177,18673,31909356.05
2025-03-08,Indofood,47212,7894,18634576.400000002
2025-03-09,PIK,34334,14793,25395143.1
2025-03-10,Gudang Garam,19456,812,789913.6000000001
2025-03-11,Mayora,35433,15840,28062936.0
2025-03-12,Mayora,44763,18991,42504706.650000006
2025-03-13,PIK,21665,2449,2652879.25
2025-03-14,Indomaret,28227,18798,26530557.3
2025-03-15,Alfamart,9423,2095,987059.25
2025-03-16,Mayora,48611,3790,9211784.5
2025-03-17,Mayora,42468,14640,31086576.0
2025-03-18,PIK,19776,11508,11379110.4
2025-03-19,Gudang Garam,9034,14680,6630956.0
2025-03-20,Gudang Garam,34102,18582,31684168.200000003
2025-03-21,Alfamart,36605,11392,20850208.0
2025-03-22,Indomaret,28875,3694,5333212.5
2025-03-23,Indofood,43956,2433,5347247.4
2025-03-24,Mayora,13177,6460,4256171.0
2025-03-25,Indomaret,49108,10814,26552695.6
2025-03-26,Alfamart,37978,9624,18275013.6
2025-03-27,Matahari,38061,8009,15241527.450000001
2025-03-28,Matahari,13669,11375,7774243.75
2025-03-29,Indofood,39448,14608,28812819.200000003
2025-03-30,Indofood,26128,879,1148325.6
2025-03-31,Indofood,25969,8482,11013452.9
2025-04-01,Indofood,33801,18659,31534642.950000003
2025-04-02,Matahari,26274,9740,12795438.0
2025-04-03,Indofood,16998,17211,14627628.9
2025-04-04,Gudang Garam,28365,5999,8508081.75
2025-04-05,Indomaret,42808,5850,12521340.0
2025-04-06,Matahari,39704,17636,35010987.2
2025-04-07,PIK,6490,14468,4694866.0
2025-04-08,PIK,43434,18490,40154733.0
2025-04-09,Alfamart,16872,3102,2616847.2
2025-04-10,Gudang Garam,4761,15725,3743336.25
2025-04-11,Gudang Garam,17238,11907,10262643.3
2025-04-12,Alfamart,37090,5945,11025002.5
2025-04-13,Gudang Garam,39675,10353,20537763.75
2025-04-14,PIK,46968,19547,45904174.800000004
2025-04-15,Gudang Garam,15739,13818,10874075.100000001
2025-04-16,Matahari,27280,17084,23302576.0
2025-04-17,PIK,37766,8102,15299006.600000001
2025-04-18,Matahari,48830,10644,25987326.0
2025-04-19,Gudang Garam,6723,18899,6352898.850000001
2025-04-20,Alfamart,9955,8659,4310017.25
2025-04-21,PIK,35342,12385,21885533.5
2025-04-22,Indomaret,22279,13371,14894625.450000001
2025-04-23,Alfamart,3535,9404,1662157.0
2025-04-24,Alfamart,5828,10157,2959749.8000000003
2025-04-25,Indofood,44320,11156,24721696.0
2025-04-26,Matahari,47180,15980,37696820.0
2025-04-27,PIK,14307,1627,1163874.45
2025-04-28,Indomaret,36570,3250,5942625.0
2025-04-29,Indofood,22454,5724,6426334.800000001
2025-04-30,Indofood,24501,10793,13221964.65
2025-05-01,Indomaret,29722,12750,18947775.0
2025-05-02,Alfamart,10211,14792,7552055.600000001
2025-05-03,Mayora,43922,19048,41831312.800000004
2025-05-04,Indofood,32415,17674,28645135.5
2025-05-05,Matahari,25089,3796,4761892.2
2025-05-06,PIK,9080,14049,6378246.0
2025-05-07,Indomaret,34179,8192,13999718.4
2025-05-08,Indofood,18680,12903,12051402.0
2025-05-09,Indofood,9600,16964,8142720.0
2025-05-10,Indomaret,26782,14543,19474531.3
2025-05-11,PIK,32410,9275,15030137.5
2025-05-12,Indofood,20746,9501,9855387.3
2025-05-13,PIK,36583,17519,32044878.85
2025-05-14,Indomaret,20856,12372,12901521.600000001
2025-05-15,Indofood,38916,3001,5839345.800000001
2025-05-16,Indofood,9168,9834,4507905.600000001
2025-05-17,Matahari,41404,5498,11381959.600000001
2025-05-18,PIK,9786,410,200613.0
2025-05-19,Alfamart,10683,11551,6169966.65
2025-05-20,Indofood,6701,13139,4402221.95
2025-05-21,Indomaret,5792,5154,1492598.4000000001
2025-05-22,Mayora,31108,3081,4792187.4
2025-05-23,PIK,45406,11879,26968893.700000003
2025-05-24,Alfamart,2239,790,88440.5
2025-05-25,Matahari,33841,12624,21360439.200000003
2025-05-26,Indofood,13710,12056,8264388.0
2025-05-27,Matahari,22798,13839,15775076.100000001
2025-05-28,Indomaret,1407,16818,1183146.3
2025-05-29,Alfamart,24944,16068,20040009.6
2025-05-30,Mayora,4386,3148,690356.4
2025-05-31,Matahari,1282,18405,1179760.5
2025-06-01,Alfamart,40430,5701,11524571.5
2025-06-02,Gudang Garam,47569,3515,8360251.75
2025-06-03,PIK,3938,16436,3236248.4000000004
2025-06-04,PIK,36291,4631,8403181.05
2025-06-05,Gudang Garam,1932,4101,396156.60000000003
2025-06-06,PIK,17065,9302,7936931.5
2025-06-07,Mayora,44455,19507,43359184.25
2025-06-08,Mayora,33634,8567,14407123.9
2025-06-09,Matahari,26770,11508,15403458.0
2025-06-10,Indomaret,16190,16608,13444176.0
2025-06-11,PIK,43888,13623,29894311.200000003
2025-06-12,Mayora,16931,10933,9255331.15
2025-06-13,Matahari,25980,777,1009323.0
2025-06-14,Matahari,45072,7768,17505964.8
2025-06-15,Matahari,45992,15220,34999912.0
2025-06-16,PIK,18689,1759,1643697.55
2025-06-17,Mayora,23067,1649,1901874.1500000001
2025-06-18,Matahari,16698,1021,852432.9
2025-06-19,Mayora,16395,17371,14239877.25
2025-06-20,Gudang Garam,36190,11673,21122293.5
2025-06-21,PIK,7379,14929,5508054.550000001
2025-06-22,PIK,20871,3990,4163764.5
2025-06-23,Gudang Garam,44918,6646,14926251.4
2025-06-24,Alfamart,2233,2022,225756.30000000002
2025-06-25,PIK,3075,7847,1206476.25
2025-06-26,Indomaret,48026,2497,5996046.100000001
2025-06-27,Mayora,24476,5933,7260805.4
2025-06-28,Mayora,9056,4891,2214644.8000000003
2025-06-29,Alfamart,11504,18674,10741284.8
2025-06-30,Gudang Garam,21772,14626,15921863.600000001
2025-07-01,Alfamart,32690,11263,18409373.5
2025-07-02,Mayora,48300,14803,35749245.0
2025-07-03,Gudang Garam,10613,16949,8993986.85
2025-07-04,Mayora,11389,9206,5242356.7
2025-07-05,Indomaret,23539,4969,5848264.550000001
2025-07-06,Gudang Garam,45062,15285,34438633.5
2025-07-07,Mayora,2517,12548,1579165.8
2025-07-08,Indofood,11967,16246,9720794.1
2025-07-09,Matahari,18118,18600,16849740.0
2025-07-10,Indofood,20134,4455,4484848.5
2025-07-11,Indomaret,4099,12290,2518835.5
2025-07-12,PIK,14497,11148,8080627.800000001
2025-07-13,Indomaret,36526,10186,18602691.8
2025-07-14,Gudang Garam,7583,10662,4042497.3000000003
2025-07-15,Indomaret,9582,6753,3235362.3000000003
2025-07-16,PIK,29387,1191,1749995.85
2025-07-17,Indomaret,38274,13934,26665495.8
2025-07-18,Indomaret,48844,5871,14338156.200000001
2025-07-19,Alfamart,46964,11850,27826170.0
2025-07-20,Indofood,18923,2429,2298198.35
2025-07-21,PIK,11794,16623,9802583.1
2025-07-22,Matahari,12210,1443,880951.5
2025-07-23,Indofood,17000,11380,9673000.0
2025-07-24,PIK,9587,4731,2267804.85
2025-07-25,Indomaret,35806,15895,28456818.5
2025-07-26,Matahari,31547,574,905398.9
2025-07-27,Indofood,13913,15447,10745705.55
2025-07-28,Alfamart,49194,16025,39416692.5
2025-07-29,Indomaret,11117,944,524722.4
2025-07-30,Matahari,48828,11415,27868581.0
2025-07-31,Indofood,47095,4135,9736891.25
2025-08-01,Alfamart,30510,15986,24386643.0
2025-08-02,Gudang Garam,44496,5853,13021754.4
2025-08-03,Gudang Garam,35486,9125,16190487.5
2025-08-04,Indofood,30649,4332,6638573.4
2025-08-05,PIK,13161,11866,7808421.300000001
2025-08-06,Indofood,25358,784,994033.6000000001
2025-08-07,Matahari,5499,2343,644207.8500000001
2025-08-08,Gudang Garam,8498,13760,5846624.0
2025-08-09,Indofood,43136,6091,13137068.8
2025-08-10,Alfamart,27628,9424,13018313.600000001
2025-08-11,Indofood,21284,16990,18080758.0
2025-08-12,Alfamart,20428,4114,4202039.600000001
2025-08-13,Indomaret,35157,11030,19389085.5
2025-08-14,Alfamart,14933,194,144850.1
2025-08-15,Mayora,36314,8365,15188330.5
2025-08-16,Indofood,18397,9798,9012690.3
2025-08-17,Indofood,5115,7737,1978737.75
2025-08-18,Indomaret,4836,11361,2747089.8000000003
2025-08-19,Indofood,15581,7082,5517232.100000001
2025-08-20,Indomaret,49778,3135,7802701.5
2025-08-21,Matahari,34769,18427,32034418.150000002
2025-08-22,Indomaret,30790,10960,16872920.0
2025-08-23,Indomaret,23258,17393,20226319.700000003
2025-08-24,Alfamart,49340,15676,38672692.0
2025-08-25,Mayora,20502,10886,11159238.600000001
2025-08-26,PIK,24516,19997,24512322.6
2025-08-27,Alfamart,48485,14511,35178291.75
2025-08-28,Gudang Garam,15080,3851,2903654.0
2025-08-29,Matahari,25952,7201,9344017.6
2025-08-30,Indofood,34034,11773,20034114.1
2025-08-31,Indofood,20293,16835,17081632.75
2025-09-01,Matahari,36838,5100,9393690.0
2025-09-02,Indomaret,17822,743,662087.3
2025-09-03,Indofood,5883,9565,2813544.75
2025-09-04,Indomaret,47556,11969,28459888.200000003
2025-09-05,Indofood,35056,11053,19373698.400000002
2025-09-06,Alfamart,5284,12163,3213464.6
2025-09-07,Matahari,2446,4205,514271.5
2025-09-08,Alfamart,44084,16157,35613259.4
2025-09-09,Gudang Garam,7394,3254,1203003.8
2025-09-10,Mayora,32443,5334,8652548.1
2025-09-11,Mayora,24404,17826,21751285.200000003
2025-09-12,Gudang Garam,22866,14633,16729908.9
2025-09-13,PIK,10302,1104,568670.4
2025-09-14,Indomaret,8644,4314,1864510.8
2025-09-15,Indofood,40228,1173,2359372.2
2025-09-16,Gudang Garam,29269,14418,21100022.1
2025-09-17,Mayora,23863,8313,9918655.950000001
2025-09-18,Matahari,47366,16225,38425667.5
2025-09-19,Gudang Garam,46233,3104,7175361.600000001
2025-09-20,PIK,38223,13785,26345202.75
2025-09-21,PIK,40799,15885,32404605.75
2025-09-22,Matahari,48766,13506,32931679.8
2025-09-23,Alfamart,34320,8952,15361632.0
2025-09-24,Indomaret,18793,12019,11293653.350000001
2025-09-25,Mayora,46409,4796,11128878.200000001
2025-09-26,Mayora,26883,12551,16870426.650000002
2025-09-27,Alfamart,30760,17391,26747358.0
2025-09-28,PIK,29129,9776,14238255.200000001
2025-09-29,Indomaret,43258,19801,42827582.900000006
2025-09-30,Alfamart,8061,19793,7977568.65
2025-10-01,Indofood,7217,7433,2682198.0500000003
2025-10-02,Alfamart,28203,5947,8386162.050000001
2025-10-03,Matahari,23221,5378,6244126.9
2025-10-04,Alfamart,25400,7095,9010650.0
2025-10-05,Indomaret,38296,3926,7517504.800000001
2025-10-06,Mayora,29799,19688,29334135.6
2025-10-07,Indofood,19840,502,497984.0
2025-10-08,Matahari,31407,16663,26166742.05
2025-10-09,Gudang Garam,41347,19254,39804756.9
2025-10-10,Mayora,13853,17726,12277913.9
2025-10-11,Matahari,32909,11206,18438912.7
2025-10-12,Matahari,23452,10288,12063708.8
2025-10-13,Indofood,15444,8829,6817753.800000001
2025-10-14,Mayora,33807,13346,22559411.1
2025-10-15,Gudang Garam,43698,16778,36658252.2
2025-10-16,Indofood,43958,16938,37228030.2
2025-10-17,PIK,42630,10235,21815902.5
2025-10-18,PIK,29568,17746,26235686.400000002
2025-10-19,Mayora,30784,18601,28630659.200000003
2025-10-20,Gudang Garam,15245,17895,13640463.75
2025-10-21,Mayora,40470,4292,8684862.0
2025-10-22,Alfamart,9637,16803,8096525.550000001
2025-10-23,Alfamart,28906,18022,26047196.6
2025-10-24,Alfamart,24277,349,423633.65
2025-10-25,Indofood,8614,16179,6968295.300000001
2025-10-26,Indofood,21037,15357,16153260.450000001
2025-10-27,Gudang Garam,30360,6287,9543666.0
2025-10-28,Indofood,45469,5745,13060970.25
2025-10-29,Alfamart,6425,9693,3113876.25
2025-10-30,Indofood,24812,6133,7608599.800000001
2025-10-31,Gudang Garam,23224,8881,10312617.200000001
2025-11-01,PIK,28415,17389,24705421.75
2025-11-02,Gudang Garam,19983,6154,6148769.100000001
2025-11-03,Mayora,46660,15794,36847402.0
2025-11-04,Indofood,17958,3968,3562867.2
2025-11-05,Indofood,39602,10847,21478144.700000003
2025-11-06,Alfamart,19653,6049,5944049.850000001
2025-11-07,Mayora,2527,18713,2364387.5500000003
2025-11-08,Indomaret,9826,16864,8285283.2
2025-11-09,PIK,34910,6047,10555038.5
2025-11-10,Indofood,10102,8907,4498925.7
2025-11-11,Indomaret,7300,18843,6877695.0
2025-11-12,Indomaret,12302,6989,4298933.9
2025-11-13,Alfamart,38833,19503,37867999.95
2025-11-14,Mayora,35136,12989,22819075.200000003
2025-11-15,Indofood,17676,9690,8564022.0
2025-11-16,Indofood,45482,15717,35742029.7
2025-11-17,Alfamart,37600,11514,21646320.0
2025-11-18,Alfamart,22183,16803,18637047.45
2025-11-19,Indofood,22998,16075,18484642.5
2025-11-20,Indofood,22015,10943,12045507.25
2025-11-21,Mayora,25346,6668,8450356.4
2025-11-22,Matahari,8481,5947,2521825.35
2025-11-23,Indofood,14835,9566,7095580.5
2025-11-24,Matahari,14855,19177,14243716.75
2025-11-25,Gudang Garam,3968,18681,3706310.4000000004
2025-11-26,PIK,15434,1796,1385973.2000000002
2025-11-27,Matahari,18563,7105,6594505.75
2025-11-28,Gudang Garam,35013,1195,2092026.75
2025-11-29,Matahari,26384,2887,3808530.4000000004
2025-11-30,Indofood,39793,7790,15499373.5
2025-12-01,Gudang Garam,47716,9836,23466728.8
2025-12-02,PIK,18832,17499,16477058.4
2025-12-03,Gudang Garam,33228,1767,2935693.8000000003
2025-12-04,PIK,33074,3972,6568496.4
2025-12-05,Gudang Garam,23473,17592,20646850.8
2025-12-06,Alfamart,9287,386,179239.1
2025-12-07,Mayora,14567,10669,7770766.15
2025-12-08,Indomaret,15483,1818,1407404.7000000002
2025-12-09,Indofood,47609,5936,14130351.200000001
2025-12-10,Indofood,11078,5955,3298474.5
2025-12-11,Mayora,9254,8067,3732600.9000000004
2025-12-12,Indofood,24276,13620,16531956.0
2025-12-13,Mayora,12530,14784,9262176.0
2025-12-14,Gudang Garam,45517,3768,8575402.8
2025-12-15,Indofood,38266,12632,24168805.6
2025-12-16,Alfamart,23179,15857,18377470.150000002
2025-12-17,Matahari,19494,12460,12144762.0
2025-12-18,Alfamart,3549,14061,2495124.45
2025-12-19,Indofood,42495,6168,13105458.0
2025-12-20,Mayora,35601,14772,26294898.6
2025-12-21,Matahari,30662,18136,27804301.6
2025-12-22,Gudang Garam,32883,9959,16374089.850000001
2025-12-23,Gudang Garam,17256,11509,9929965.200000001
2025-12-24,Indofood,37164,10719,19918045.8
2025-12-25,Matahari,7902,1058,418015.80000000005
2025-12-26,Indofood,46157,14026,32369904.1
2025-12-27,PIK,21996,582,640083.6000000001
2025-12-28,Alfamart,4715,10358,2441898.5
2025-12-29,Mayora,29665,9319,13822406.75
2025-12-30,Matahari,19654,3785,3719519.5
2025-12-31,Gudang Garam,18625,4859,4524943.75
2026-01-01,PIK,11505,16684,9597471.0
2026-01-02,Alfamart,45050,15723,35416057.5
2026-01-03,Indofood,43068,9402,20246266.8
2026-01-04,Matahari,26910,13696,18427968.0
2026-01-05,Gudang Garam,8834,3781,1670067.7000000002
2026-01-06,Alfamart,13758,15214,10465710.600000001
2026-01-07,Mayora,23444,6930,8123346.0
2026-01-08,PIK,44944,10084,22660764.8
2026-01-09,Indomaret,3206,4886,783225.8
2026-01-10,Indomaret,18998,2535,2407996.5
2026-01-11,Matahari,22631,6816,7712644.800000001
2026-01-12,Mayora,17839,15819,14109757.05
2026-01-13,Mayora,20192,15513,15661924.8
2026-01-14,Indofood,30626,19690,30151297.0
2026-01-15,Alfamart,46013,5544,12754803.600000001
2026-01-16,Alfamart,30743,14405,22142645.75
2026-01-17,Alfamart,38225,8125,15528906.25
2026-01-18,Mayora,39907,12087,24117795.450000003
2026-01-19,Mayora,29142,9814,14299979.4
2026-01-20,Mayora,16880,17420,14702480.0
2026-01-21,Alfamart,46231,4829,11162474.950000001
2026-01-22,Indofood,33092,707,1169802.2
2026-01-23,Gudang Garam,5264,9436,2483555.2
2026-01-24,Indomaret,36573,18595,34003746.75
2026-01-25,Indofood,16909,19114,16159931.3
2026-01-26,PIK,12602,15972,10063957.200000001
2026-01-27,PIK,42201,10306,21746175.3
2026-01-28,Gudang Garam,43235,16541,35757506.75
2026-01-29,Matahari,19221,17350,16674217.5
2026-01-30,Matahari,8454,13088,5532297.600000001
2026-01-31,Gudang Garam,36025,8486,15285407.5
2026-02-01,PIK,48210,1748,4213554.0
2026-02-02,Alfamart,38189,13755,26264484.75
2026-02-03,Alfamart,10507,11501,6042050.350000001
2026-02-04,Gudang Garam,49569,11507,28519524.150000002
2026-02-05,Gudang Garam,33052,1857,3068878.2
2026-02-06,Alfamart,5680,7740,2198160.0
2026-02-07,Gudang Garam,8204,9231,3786556.2
2026-02-08,Indomaret,30980,9015,13964235.0
2026-02-09,Gudang Garam,7435,14616,5433498.0
2026-02-10,Mayora,48276,7268,17543498.400000002
2026-02-11,PIK,24085,18324,22066677.0
2026-02-12,Alfamart,34240,4740,8114880.0
2026-02-13,Matahari,17831,16470,14683828.5
2026-02-14,Mayora,13069,4375,2858843.75
2026-02-15,Mayora,25753,15157,19516911.05
2026-02-16,Alfamart,30889,5075,7838083.75
2026-02-17,Gudang Garam,24409,10987,13409084.15
2026-02-18,Gudang Garam,31694,7928,12563501.600000001
2026-02-19,Alfamart,37072,18525,34337940.0
2026-02-20,Indofood,45540,7546,17182242.0
2026-02-21,Matahari,47877,6443,15423575.55
2026-02-22,Gudang Garam,27065,11047,14949352.75
2026-02-23,PIK,39009,17763,34645843.35
2026-02-24,Matahari,44565,4222,9407671.5
2026-02-25,Gudang Garam,33299,11242,18717367.900000002
2026-02-26,Indomaret,27749,278,385711.10000000003
2026-02-27,Indomaret,24369,10624,12944812.8
2026-02-28,Matahari,31733,9073,14395675.450000001
2026-03-01,Matahari,7654,17274,6610759.800000001
2026-03-02,Alfamart,19933,12967,12923560.55
2026-03-03,Indofood,3578,5274,943518.6000000001
2026-03-04,Alfamart,19779,2489,2461496.5500000003
2026-03-05,Mayora,18231,2963,2700922.6500000004
2026-03-06,Indomaret,7686,3786,1454959.8
2026-03-07,PIK,47478,15219,36128384.1
2026-03-08,Mayora,30569,9778,14945184.100000001
2026-03-09,Indofood,13609,12247,8333471.15
2026-03-10,Mayora,2905,3214,466833.5
2026-03-11,Mayora,8773,11843,5194931.95
2026-03-12,Matahari,23979,12793,15338167.350000001
2026-03-13,Matahari,19071,10649,10154353.950000001
2026-03-14,Indomaret,5598,13428,3758497.2
2026-03-15,Matahari,5327,8561,2280222.35
2026-03-16,Gudang Garam,24452,10606,12966895.600000001
2026-03-17,PIK,21521,17432,18757703.6
2026-03-18,Matahari,32989,6160,10160612.0
2026-03-19,Matahari,28917,17868,25834447.8
2026-03-20,Matahari,1869,4375,408843.75
2026-03-21,Indomaret,9464,16444,7781300.800000001
2026-03-22,Indofood,24435,6917,8450844.75
2026-03-23,Gudang Garam,19687,8186,8057889.100000001
2026-03-24,Mayora,38371,7649,14674988.950000001
2026-03-25,Mayora,31827,11025,17544633.75
2026-03-26,Alfamart,4861,16276,3955881.8000000003
2026-03-27,Mayora,36219,8879,16079425.05
2026-03-28,Mayora,5100,2382,607410.0
2026-03-29,Indofood,39594,12291,24332492.700000003
2026-03-30,Mayora,12988,1788,1161127.2
2026-03-31,Indomaret,3365,17182,2890871.5
2026-04-01,PIK,19382,18016,17459305.6
2026-04-02,Mayora,11506,13361,7686583.300000001
2026-04-03,Indomaret,45935,3075,7062506.25
2026-04-04,Mayora,46622,10098,23539447.8
2026-04-05,Alfamart,18593,12466,11589016.9
2026-04-06,Gudang Garam,16243,5766,4682856.9
2026-04-07,Mayora,43754,12583,27527829.1
2026-04-08,Indomaret,28623,9743,13943694.450000001
2026-04-09,Mayora,25919,9757,12644584.15
2026-04-10,PIK,20929,7023,7349218.350000001
2026-04-11,Indomaret,35426,9414,16675018.200000001
2026-04-12,Mayora,41051,937,1923239.35
2026-04-13,Gudang Garam,17655,1511,1333835.25
2026-04-14,Gudang Garam,17759,19610,17412699.5
2026-04-15,PIK,13282,11745,7799854.5
2026-04-16,Indomaret,30722,461,708142.1000000001
2026-04-17,Gudang Garam,21845,6123,6687846.75
2026-04-18,Mayora,9531,5247,2500457.85
2026-04-19,Indomaret,5126,5872,1504993.6
2026-04-20,Alfamart,10559,3863,2039470.85
2026-04-21,Indomaret,4482,4979,1115793.9000000001
2026-04-22,Matahari,9888,17250,8528400.0
2026-04-23,Indomaret,14083,874,615427.1
2026-04-24,Alfamart,36518,6366,11623679.4
2026-04-25,Mayora,33893,13500,22877775.0
2026-04-26,Alfamart,20463,3589,3672085.35
2026-04-27,Indofood,26886,5119,6881471.7
2026-04-28,Alfamart,49655,10622,26371770.5
2026-04-29,Matahari,44060,4496,9904688.0
2026-04-30,Indofood,10869,14696,7986541.2
2026-05-01,Indofood,20213,3972,4014301.8000000003
2026-05-02,PIK,48165,7649,18420704.25
2026-05-03,Alfamart,37572,17482,32841685.200000003
2026-05-04,Mayora,14598,16862,12307573.8
2026-05-05,Mayora,37134,794,1474219.8
2026-05-06,Alfamart,28394,13657,19388842.900000002
2026-05-07,Indofood,49129,10285,25264588.25
2026-05-08,Alfamart,17937,13455,12067116.75
2026-05-09,PIK,48095,8088,19449618.0
2026-05-10,Mayora,20281,12105,12275075.25
2026-05-11,Mayora,6158,15678,4827256.2
2026-05-12,Gudang Garam,26311,8872,11671559.600000001
2026-05-13,Indomaret,48109,7455,17932629.75
2026-05-14,Indomaret,39093,16024,31321311.6
2026-05-15,Gudang Garam,13967,2822,1970743.7000000002
2026-05-16,Gudang Garam,6870,3452,1185762.0
2026-05-17,Mayora,38951,4915,9572208.25
2026-05-18,Indofood,35299,840,1482558.0
2026-05-19,Matahari,46216,131,302714.8
2026-05-20,Matahari,1214,5614,340769.80000000005
2026-05-21,PIK,14919,3371,2514597.45
2026-05-22,Indofood,10265,258,132418.5
2026-05-23,Indomaret,39371,14869,29270369.950000003
2026-05-24,Alfamart,33152,18401,30501497.6
2026-05-25,Mayora,20239,18755,18979122.25
2026-05-26,Mayora,15645,14529,11365310.25
2026-05-27,Indofood,28111,2208,3103454.4000000004
2026-05-28,Gudang Garam,20853,11903,12410662.950000001
2026-05-29,PIK,29446,984,1448743.2000000002
2026-05-30,Gudang Garam,25285,9265,11713276.25
2026-05-31,Alfamart,22551,10464,11798683.200000001
2026-06-01,Alfamart,48338,1466,3543175.4000000004
2026-06-02,PIK,34470,11224,19344564.0
2026-06-03,Gudang Garam,43254,19086,41277292.2
2026-06-04,Matahari,18067,9219,8327983.65
2026-06-05,Indomaret,45306,18806,42601231.800000004
2026-06-06,PIK,28257,4314,6095034.9
2026-06-07,Indofood,39867,6123,12205282.05
2026-06-08,Gudang Garam,3171,17715,2808713.25
2026-06-09,Matahari,30704,7964,12226332.8
2026-06-10,Matahari,27360,3076,4207968.0
2026-06-11,Indofood,20406,1684,1718185.2000000002
2026-06-12,Indofood,6357,5213,1656952.05
2026-06-13,Matahari,16243,1114,904735.1000000001
2026-06-14,Indomaret,26698,8339,11131731.100000001
2026-06-15,PIK,19118,2428,2320925.2
2026-06-16,Indofood,35537,9104,16176442.4
2026-06-17,Indofood,38247,14082,26929712.700000003
2026-06-18,Indomaret,12786,3194,2041924.2000000002
2026-06-19,Mayora,12620,5246,3310226.0
2026-06-20,Gudang Garam,25561,5663,7237597.15
2026-06-21,Gudang Garam,41081,1713,3518587.6500000004
2026-06-22,Indomaret,29701,16899,25095859.950000003
2026-06-23,Matahari,7606,9206,3501041.8000000003
2026-06-24,PIK,10697,6863,3670675.5500000003
2026-06-25,Indomaret,1553,1849,143574.85
2026-06-26,Indomaret,38021,11372,21618740.6
2026-06-27,Matahari,9779,7340,3588893.0
2026-06-28,Mayora,4283,13778,2950558.7
2026-06-29,Mayora,22836,6351,7251571.800000001
2026-06-30,Mayora,31796,6460,10270108.0
2026-07-01,Indomaret,43999,17701,38941314.95
2026-07-02,Indomaret,47317,9241,21862819.85
2026-07-03,Indomaret,31885,10852,17300801.0
2026-07-04,Alfamart,27984,2323,3250341.6
2026-07-05,Gudang Garam,12557,14407,9045434.950000001
2026-07-06,Indofood,16532,18719,15473125.4
2026-07-07,Gudang Garam,34725,11321,19656086.25
2026-07-08,Matahari,1919,2187,209842.65000000002
2026-07-09,Gudang Garam,48308,14630,35337302.0
2026-07-10,PIK,10384,2357,1223754.4000000001
2026-07-11,Matahari,25878,17523,22673009.700000003
2026-07-12,Alfamart,19993,632,631778.8
2026-07-13,Mayora,32074,11272,18076906.400000002
2026-07-14,Gudang Garam,32002,4281,6850028.100000001
2026-07-15,Alfamart,6377,594,189396.90000000002
2026-07-16,Alfamart,13244,5161,3417614.2
2026-07-17,Alfamart,34847,10342,18019383.7
2026-07-18,Matahari,15602,4728,3688312.8000000003
2026-07-19,Indomaret,33049,3787,6257828.15
2026-07-20,Gudang Garam,26032,3918,5099668.800000001
2026-07-21,Gudang Garam,46867,5961,13968709.350000001
2026-07-22,Indomaret,38260,12289,23508857.0
2026-07-23,Gudang Garam,41650,10700,22282750.0
2026-07-24,Gudang Garam,10606,674,357422.2
2026-07-25,Alfamart,44334,2315,5131660.5
2026-07-26,PIK,6428,11742,3773878.8000000003
2026-07-27,Matahari,14236,9815,6986317.0
2026-07-28,Indofood,26290,10301,13540664.5
2026-07-29,Gudang Garam,26671,4100,5467555.0
2026-07-30,Gudang Garam,44172,9579,21156179.400000002
2026-07-31,Gudang Garam,24021,11518,13833693.9
2026-08-01,Indofood,9796,7984,3910563.2
2026-08-02,Alfamart,41558,8512,17687084.8
2026-08-03,Indomaret,32536,4797,7803759.600000001
2026-08-04,Matahari,3350,6267,1049722.5
2026-08-05,Alfamart,35187,14962,26323394.700000003
2026-08-06,Indomaret,9405,13610,6400102.5
2026-08-07,Indofood,49299,1787,4404865.65
2026-08-08,Indofood,28196,18571,26181395.8
2026-08-09,Indofood,47064,13442,31631714.400000002
2026-08-10,Indofood,21793,14194,15466492.100000001
2026-08-11,Indofood,45652,2268,5176936.800000001
2026-08-12,Indofood,37126,12274,22784226.200000003
2026-08-13,Mayora,44902,11834,26568513.400000002
2026-08-14,Alfamart,44574,8270,18431349.0
2026-08-15,Gudang Garam,34299,15704,26931574.8
2026-08-16,Alfamart,1600,18370,1469600.0
2026-08-17,Indomaret,12902,324,209012.40000000002
2026-08-18,Mayora,40968,15859,32485575.6
2026-08-19,Matahari,37721,7157,13498459.850000001
2026-08-20,Indofood,23186,14970,17354721.0
2026-08-21,Indomaret,48240,13267,32000004.0
2026-08-22,Matahari,23404,16428,19224045.6
2026-08-23,Indofood,15539,2875,2233731.25
2026-08-24,Alfamart,9125,14062,6415787.5
2026-08-25,Indofood,44053,1630,3590319.5
2026-08-26,Gudang Garam,45332,13933,31580537.8
2026-08-27,Mayora,39512,5000,9878000.0
2026-08-28,Indomaret,16465,15353,12639357.25
2026-08-29,Alfamart,49388,16438,40591997.2
2026-08-30,Alfamart,17114,7779,6656490.300000001
2026-08-31,PIK,16512,3019,2492486.4
2026-09-01,Indofood,32117,14187,22782193.950000003
2026-09-02,Gudang Garam,9671,9554,4619836.7
2026-09-03,Mayora,41789,17736,37058485.2
2026-09-04,PIK,2139,12894,1379013.3
2026-09-05,Alfamart,29717,7785,11567342.25
2026-09-06,Gudang Garam,24815,8503,10550097.25
2026-09-07,Alfamart,15299,4158,3180662.1
2026-09-08,Gudang Garam,45645,17426,39770488.5
2026-09-09,PIK,3244,5193,842304.6000000001
2026-09-10,Mayora,26336,18632,24534617.6
2026-09-11,Indofood,24801,4694,5820794.7
2026-09-12,Mayora,20022,6401,6408041.100000001
2026-09-13,Matahari,29171,16413,23939181.150000002
2026-09-14,PIK,19998,10860,10858914.0
2026-09-15,Indomaret,12950,19360,12535600.0
2026-09-16,Indomaret,18940,3002,2842894.0
2026-09-17,Matahari,46547,16841,39194901.35
2026-09-18,Indofood,11553,12273,7089498.45
2026-09-19,Gudang Garam,40958,9617,19694654.3
2026-09-20,Matahari,49274,2520,6208524.0
2026-09-21,Matahari,32873,16931,27828638.150000002
2026-09-22,Alfamart,2712,1919,260216.40000000002
2026-09-23,Mayora,27390,1893,2592463.5
2026-09-24,Indomaret,15481,4885,3781234.25
2026-09-25,Alfamart,26756,1341,1793989.8
2026-09-26,Indomaret,9048,1022,462352.80000000005
